<?xml version="1.0" encoding="UTF-8"?>
<project-private xmlns="http://www.netbeans.org/ns/project-private/1">
    <editor-bookmarks xmlns="http://www.netbeans.org/ns/editor-bookmarks/2" lastBookmarkId="0"/>
    <open-files xmlns="http://www.netbeans.org/ns/projectui-open-files/2">
        <group>
            <file>file:/C:/Users/Liches/Documents/NetBeansProjects/proyecto_ingsoft/src/formulario/frm_menu.java</file>
            <file>file:/C:/Users/Liches/Documents/NetBeansProjects/proyecto_ingsoft/src/formulario/pnl_busqueda_asistente.java</file>
            <file>file:/C:/Users/Liches/Documents/NetBeansProjects/proyecto_ingsoft/src/formulario/pnl_altas.java</file>
            <file>file:/C:/Users/Liches/Documents/NetBeansProjects/proyecto_ingsoft/src/formulario/pnl_modificacion_asistentes.java</file>
            <file>file:/C:/Users/Liches/Documents/NetBeansProjects/proyecto_ingsoft/src/formulario/pnl_eliminacion_asistente.java</file>
        </group>
    </open-files>
</project-private>
